{
  "accuracy": 0.9520833333333333,
  "mean_latency_regret_ms": 0.018530833403929137,
  "num_queries": 960
}