{
  "centroids": {
    "exact": [
      1.6385236624087147,
      2.0362149015947706,
      0.3637695187826362,
      -0.300250422388081,
      0.19110164472416688,
      -0.7137464271463297,
      0.04980221036234216,
      -0.33333333333333337,
      -0.3333333333333333,
      1.083457669926217,
      0.7577296963909628
    ],
    "global_filter": [
      2.2450570531224545,
      2.9256098289534145,
      0.43677180085369105,
      0.19361943125960518,
      0.1781005143254079,
      -0.7137464271463297,
      0.09208093410180199,
      -0.33333333333333337,
      -0.3333333333333333,
      0.7508081692148617,
      0.8123097075154826
    ],
    "partition_ann": [
      -0.226366597235887,
      -0.28664321531795195,
      -0.04783115386356951,
      0.01768775458991107,
      -0.02310802399516973,
      0.08821585054617552,
      -0.007817975809819053,
      0.041198501872659145,
      0.04119850187265919,
      -0.12082877659211957,
      -0.09579838987906085
    ]
  },
  "feature_columns": [
    "subset_size",
    "num_cells",
    "avg_cell_size",
    "query_window_width",
    "price_range_width",
    "category_present",
    "active_records",
    "tombstoned_records",
    "tombstone_ratio",
    "open_ended_fraction",
    "fragmentation_score"
  ],
  "means": [
    6.675281019990809,
    18.8925,
    1.151170739966315,
    17.7125,
    9.166259513513307,
    0.3375,
    1152.2,
    0.1,
    7.24112961622013e-05,
    0.14387437681400936,
    2.703642071663972
  ],
  "model_type": "nearest_centroid",
  "scales": [
    7.302834028779486,
    28.55338760550138,
    0.528743010491,
    1.4848716274479759,
    0.8025547715916007,
    0.47285700798444347,
    174.69104155622864,
    0.3,
    0.0002172338884866039,
    0.2877491640034686,
    3.4628996048927667
  ]
}