{
  "centroids": {
    "exact": [
      2.0464618476467225,
      2.042541883028759,
      0.35733128481485277,
      -0.017335903925614248,
      0.17591529284755167,
      -0.7591802683177137,
      0.25405030098014114,
      -0.23728641124027922,
      -0.19896313635610452,
      0.6811275584246735,
      -0.008256091539737373
    ],
    "global_filter": [
      3.6785728172337437,
      3.8744028881221593,
      0.5451873439295132,
      0.14392831863823036,
      0.19124430682498614,
      -0.7591802683177137,
      0.15996827700194052,
      -0.05806706740321037,
      0.02676432046839497,
      1.9752508394042512,
      0.02318706251700957
    ],
    "partition_ann": [
      -0.348253844754113,
      -0.3477350715407643,
      -0.06073736413462013,
      0.0028221238948663296,
      -0.029844793095474022,
      0.12874987006557714,
      -0.04301578055805179,
      0.04011054683034183,
      0.03357728083171901,
      -0.1164588573358946,
      0.0013771711134228613
    ]
  },
  "feature_columns": [
    "subset_size",
    "num_cells",
    "avg_cell_size",
    "query_window_width",
    "price_range_width",
    "category_present",
    "active_records",
    "tombstoned_records",
    "tombstone_ratio",
    "open_ended_fraction",
    "fragmentation_score"
  ],
  "means": [
    171.49021692125982,
    91.31375,
    2.65006821735355,
    17.7875,
    9.574336945281612,
    0.365625,
    9079.6,
    69.4,
    0.006544432074467306,
    0.14897741307502219,
    0.5337742904924889
  ],
  "model_type": "nearest_centroid",
  "scales": [
    286.9709930596588,
    147.29656839498162,
    1.2375657726767828,
    1.4764293921485037,
    1.0698412775106356,
    0.48160498271404956,
    1996.6458724571066,
    92.99591388872955,
    0.008173226320247091,
    0.29796107098381913,
    0.24557383246694955
  ]
}