{
  "centroids": {
    "exact": [
      1.8566080546664532,
      1.82491481290859,
      0.32885706420275956,
      0.19361943125960518,
      0.17210056309982236,
      -0.7137464271463297,
      -0.009731466392641878,
      -0.33333333333333337,
      -0.3333333333333333,
      1.3778303749481158,
      0.525052299649902
    ],
    "global_filter": [
      1.5030952890504765,
      2.2486137232737944,
      0.35033186773684044,
      -0.09689224735668078,
      0.18338915114501997,
      -0.7137464271463297,
      0.10795529845954661,
      -0.3333333333333334,
      -0.3333333333333333,
      0.6764696234821107,
      1.0611826148575905
    ],
    "partition_ann": [
      -0.24372258539200028,
      -0.3535622004017329,
      -0.05560102467069532,
      0.012078338812036765,
      -0.029105069451579747,
      0.11378566229869018,
      -0.015845780741641738,
      0.05314009661835745,
      0.0531400966183575,
      -0.1159747023112467,
      -0.16295803639517895
    ]
  },
  "feature_columns": [
    "subset_size",
    "num_cells",
    "avg_cell_size",
    "query_window_width",
    "price_range_width",
    "category_present",
    "active_records",
    "tombstoned_records",
    "tombstone_ratio",
    "open_ended_fraction",
    "fragmentation_score"
  ],
  "means": [
    6.675281019990809,
    18.8925,
    1.151170739966315,
    17.7125,
    9.166259513513307,
    0.3375,
    1152.2,
    0.1,
    7.24112961622013e-05,
    0.14387437681400936,
    2.703642071663972
  ],
  "model_type": "nearest_centroid",
  "scales": [
    7.302834028779486,
    28.55338760550138,
    0.528743010491,
    1.4848716274479759,
    0.8025547715916007,
    0.47285700798444347,
    174.69104155622864,
    0.3,
    0.0002172338884866039,
    0.2877491640034686,
    3.4628996048927667
  ]
}