{
  "accuracy": 0.92875,
  "mean_latency_regret_ms": 0.10167062551772688,
  "num_queries": 800
}