{
  "centroids": {
    "exact": [
      2.213390217273254,
      2.204690133414294,
      0.5041008104628986,
      -0.03140792687246255,
      0.15298421793223105,
      -0.7371623702608655,
      0.49574623389513056,
      0.8673192624891888,
      0.8542770503635257,
      0.6598363072360756,
      0.16188618875355898
    ],
    "global_filter": [
      3.1823636813852505,
      3.106527843449929,
      0.730007266648185,
      -2.8364654625701813,
      0.1629387542362444,
      -0.7371623702608655,
      0.4918820981382454,
      0.8427343270971133,
      0.8241030639469706,
      0.6855807250657745,
      0.09677643084868692
    ],
    "partition_ann": [
      -0.3346767236776309,
      -0.3329445980246033,
      -0.07625716029475872,
      0.02311291791689174,
      -0.022756929393862983,
      0.10933987310089391,
      -0.07350631609609246,
      -0.12848369785167818,
      -0.12651243698539016,
      -0.09803982822408691,
      -0.02358347336957508
    ]
  },
  "feature_columns": [
    "subset_size",
    "num_cells",
    "avg_cell_size",
    "query_window_width",
    "price_range_width",
    "category_present",
    "active_records",
    "tombstoned_records",
    "tombstone_ratio",
    "open_ended_fraction",
    "fragmentation_score"
  ],
  "means": [
    106.47945692578911,
    73.84895833333333,
    1.677129807003088,
    17.814583333333335,
    9.578070700938769,
    0.35208333333333336,
    4310.8125,
    2.9375,
    0.0006276480401590809,
    0.184059402194924,
    0.6444721283666575
  ],
  "model_type": "nearest_centroid",
  "scales": [
    164.58036981997026,
    111.71962720615208,
    0.7680360864309537,
    1.2166363438002152,
    0.8309956937554892,
    0.47761978573151914,
    964.5812056761991,
    3.5261301379841328,
    0.0007421860134027218,
    0.3188076171266252,
    0.27837805199798565
  ]
}